-- MySQL dump 10.13  Distrib 8.3.0, for macos14.2 (arm64)
--
-- Host: localhost    Database: swimdb
-- ------------------------------------------------------
-- Server version	9.0.0

/*!40101 SET @OLD_CHARACTER_SET_CLIENT=@@CHARACTER_SET_CLIENT */;
/*!40101 SET @OLD_CHARACTER_SET_RESULTS=@@CHARACTER_SET_RESULTS */;
/*!40101 SET @OLD_COLLATION_CONNECTION=@@COLLATION_CONNECTION */;
/*!50503 SET NAMES utf8mb4 */;
/*!40103 SET @OLD_TIME_ZONE=@@TIME_ZONE */;
/*!40103 SET TIME_ZONE='+00:00' */;
/*!40014 SET @OLD_UNIQUE_CHECKS=@@UNIQUE_CHECKS, UNIQUE_CHECKS=0 */;
/*!40014 SET @OLD_FOREIGN_KEY_CHECKS=@@FOREIGN_KEY_CHECKS, FOREIGN_KEY_CHECKS=0 */;
/*!40101 SET @OLD_SQL_MODE=@@SQL_MODE, SQL_MODE='NO_AUTO_VALUE_ON_ZERO' */;
/*!40111 SET @OLD_SQL_NOTES=@@SQL_NOTES, SQL_NOTES=0 */;

--
-- Table structure for table `events`
--

DROP TABLE IF EXISTS `events`;
/*!40101 SET @saved_cs_client     = @@character_set_client */;
/*!50503 SET character_set_client = utf8mb4 */;
CREATE TABLE `events` (
  `id` int NOT NULL AUTO_INCREMENT,
  `distance` varchar(16) NOT NULL,
  `stroke` varchar(16) NOT NULL,
  PRIMARY KEY (`id`)
) ENGINE=InnoDB AUTO_INCREMENT=15 DEFAULT CHARSET=utf8mb4 COLLATE=utf8mb4_0900_ai_ci;
/*!40101 SET character_set_client = @saved_cs_client */;

--
-- Dumping data for table `events`
--

LOCK TABLES `events` WRITE;
/*!40000 ALTER TABLE `events` DISABLE KEYS */;
INSERT INTO `events` VALUES (1,'100m','Free'),(2,'100m','Back'),(3,'100m','Fly'),(4,'50m','Back'),(5,'200m','Free'),(6,'200m','Back'),(7,'50m','Free'),(8,'50m','Breast'),(9,'200m','IM'),(10,'100m','Breast'),(11,'400m','Free'),(12,'50m','Fly'),(13,'200m','Breast'),(14,'100m','IM');
/*!40000 ALTER TABLE `events` ENABLE KEYS */;
UNLOCK TABLES;

--
-- Table structure for table `swimmers`
--

DROP TABLE IF EXISTS `swimmers`;
/*!40101 SET @saved_cs_client     = @@character_set_client */;
/*!50503 SET character_set_client = utf8mb4 */;
CREATE TABLE `swimmers` (
  `id` int NOT NULL AUTO_INCREMENT,
  `name` varchar(32) NOT NULL,
  `age` int NOT NULL,
  PRIMARY KEY (`id`)
) ENGINE=InnoDB AUTO_INCREMENT=25 DEFAULT CHARSET=utf8mb4 COLLATE=utf8mb4_0900_ai_ci;
/*!40101 SET character_set_client = @saved_cs_client */;

--
-- Dumping data for table `swimmers`
--

LOCK TABLES `swimmers` WRITE;
/*!40000 ALTER TABLE `swimmers` DISABLE KEYS */;
INSERT INTO `swimmers` VALUES (2,'Hannah',13),(3,'Darius',13),(4,'Owen',15),(5,'Mike',15),(6,'Abi',10),(7,'Ruth',13),(8,'Tasmin',15),(9,'Erika',15),(10,'Maria',9),(11,'Elba',14),(12,'Ali',12),(13,'Chris',17),(14,'Aurora',13),(15,'Katie',9),(16,'Alison',14),(17,'Emma',13),(18,'Calvin',9),(19,'Blake',15),(20,'Bill',18),(21,'Dave',17),(22,'Lizzie',14),(23,'Carl',15),(24,'Darius',8);
/*!40000 ALTER TABLE `swimmers` ENABLE KEYS */;
UNLOCK TABLES;

--
-- Table structure for table `times`
--

DROP TABLE IF EXISTS `times`;
/*!40101 SET @saved_cs_client     = @@character_set_client */;
/*!50503 SET character_set_client = utf8mb4 */;
CREATE TABLE `times` (
  `swimmer_id` int NOT NULL,
  `event_id` int NOT NULL,
  `time` varchar(16) NOT NULL,
  `ts` timestamp NULL DEFAULT CURRENT_TIMESTAMP
) ENGINE=InnoDB DEFAULT CHARSET=utf8mb4 COLLATE=utf8mb4_0900_ai_ci;
/*!40101 SET character_set_client = @saved_cs_client */;

--
-- Dumping data for table `times`
--

LOCK TABLES `times` WRITE;
/*!40000 ALTER TABLE `times` DISABLE KEYS */;
INSERT INTO `times` VALUES (2,1,'1:21.43','2024-08-22 02:41:30'),(2,1,'1:21.40','2024-08-22 02:41:30'),(2,1,'1:21.62','2024-08-22 02:41:30'),(2,1,'1:25.38','2024-08-22 02:41:30'),(3,2,'1:22.57','2024-08-22 02:41:30'),(3,2,'1:29.64','2024-08-22 02:41:30'),(3,2,'1:20.39','2024-08-22 02:41:30'),(3,2,'1:23.83','2024-08-22 02:41:30'),(4,1,'1:15.57','2024-08-22 02:41:30'),(4,1,'1:14.40','2024-08-22 02:41:30'),(4,1,'1:19.82','2024-08-22 02:41:30'),(4,1,'1:12.90','2024-08-22 02:41:30'),(5,1,'1:02.52','2024-08-22 02:41:30'),(5,1,'1:02.56','2024-08-22 02:41:30'),(5,1,'1:06.41','2024-08-22 02:41:30'),(5,1,'1:07.08','2024-08-22 02:41:30'),(5,1,'1:02.56','2024-08-22 02:41:30'),(5,1,'1:03.23','2024-08-22 02:41:30'),(5,1,'1:04.54','2024-08-22 02:41:30'),(2,2,'1:35.75','2024-08-22 02:41:30'),(2,2,'1:32.78','2024-08-22 02:41:30'),(2,2,'1:34.01','2024-08-22 02:41:30'),(2,2,'1:32.57','2024-08-22 02:41:30'),(5,2,'1:19.23','2024-08-22 02:41:30'),(5,2,'1:13.70','2024-08-22 02:41:30'),(5,2,'1:13.96','2024-08-22 02:41:30'),(5,2,'1:15.94','2024-08-22 02:41:30'),(5,3,'1:14.55','2024-08-22 02:41:30'),(5,3,'1:14.15','2024-08-22 02:41:30'),(5,3,'1:08.38','2024-08-22 02:41:30'),(5,3,'1:08.74','2024-08-22 02:41:30'),(5,3,'1:10.89','2024-08-22 02:41:30'),(5,3,'1:09.47','2024-08-22 02:41:30'),(5,3,'1:09.52','2024-08-22 02:41:30'),(5,3,'1:09.86','2024-08-22 02:41:30'),(5,3,'1:09.83','2024-08-22 02:41:30'),(6,4,'41.50','2024-08-22 02:41:30'),(6,4,'43.58','2024-08-22 02:41:30'),(6,4,'42.35','2024-08-22 02:41:30'),(6,4,'43.35','2024-08-22 02:41:30'),(6,4,'39.85','2024-08-22 02:41:30'),(6,4,'40.53','2024-08-22 02:41:30'),(6,4,'42.14','2024-08-22 02:41:30'),(6,4,'39.18','2024-08-22 02:41:30'),(6,4,'40.89','2024-08-22 02:41:30'),(6,4,'40.89','2024-08-22 02:41:30'),(7,5,'2:22.64','2024-08-22 02:41:30'),(7,5,'2:28.16','2024-08-22 02:41:30'),(7,5,'2:28.38','2024-08-22 02:41:30'),(7,5,'2:25.08','2024-08-22 02:41:30'),(7,5,'2:25.64','2024-08-22 02:41:30'),(7,5,'2:33.58','2024-08-22 02:41:30'),(8,2,'1:19.63','2024-08-22 02:41:30'),(8,2,'1:16.69','2024-08-22 02:41:30'),(8,2,'1:19.68','2024-08-22 02:41:30'),(8,2,'1:16.56','2024-08-22 02:41:30'),(9,1,'1:19.04','2024-08-22 02:41:30'),(9,1,'1:15.88','2024-08-22 02:41:30'),(9,1,'1:18.62','2024-08-22 02:41:30'),(9,1,'1:21.74','2024-08-22 02:41:30'),(7,6,'2:56.68','2024-08-22 02:41:30'),(7,6,'2:42.63','2024-08-22 02:41:30'),(7,6,'2:40.90','2024-08-22 02:41:30'),(7,6,'2:42.88','2024-08-22 02:41:30'),(7,6,'2:46.09','2024-08-22 02:41:30'),(6,7,'39.07','2024-08-22 02:41:30'),(6,7,'37.66','2024-08-22 02:41:30'),(6,7,'36.13','2024-08-22 02:41:30'),(6,7,'39.42','2024-08-22 02:41:30'),(10,7,'45.75','2024-08-22 02:41:30'),(10,7,'41.62','2024-08-22 02:41:30'),(10,7,'40.49','2024-08-22 02:41:30'),(10,7,'41.00','2024-08-22 02:41:30'),(11,1,'1:06.01','2024-08-22 02:41:30'),(11,1,'1:06.93','2024-08-22 02:41:30'),(11,1,'1:05.34','2024-08-22 02:41:30'),(11,1,'1:06.10','2024-08-22 02:41:30'),(8,1,'1:08.87','2024-08-22 02:41:30'),(8,1,'1:07.34','2024-08-22 02:41:30'),(8,1,'1:11.00','2024-08-22 02:41:30'),(8,1,'1:08.62','2024-08-22 02:41:30'),(8,1,'1:10.94','2024-08-22 02:41:30'),(8,1,'1:09.52','2024-08-22 02:41:30'),(8,1,'1:12.04','2024-08-22 02:41:30'),(8,1,'1:10.91','2024-08-22 02:41:30'),(6,2,'1:31.59','2024-08-22 02:41:30'),(6,2,'1:26.55','2024-08-22 02:41:30'),(6,2,'1:28.75','2024-08-22 02:41:30'),(6,2,'1:39.79','2024-08-22 02:41:30'),(6,2,'1:32.37','2024-08-22 02:41:30'),(6,8,'48.08','2024-08-22 02:41:30'),(6,8,'53.17','2024-08-22 02:41:30'),(6,8,'45.76','2024-08-22 02:41:30'),(6,8,'49.28','2024-08-22 02:41:30'),(6,8,'52.85','2024-08-22 02:41:30'),(6,8,'46.19','2024-08-22 02:41:30'),(6,8,'47.76','2024-08-22 02:41:30'),(6,8,'48.83','2024-08-22 02:41:30'),(6,8,'45.71','2024-08-22 02:41:30'),(6,8,'47.76','2024-08-22 02:41:30'),(5,9,'2:48.05','2024-08-22 02:41:30'),(5,9,'2:44.03','2024-08-22 02:41:30'),(5,9,'2:38.93','2024-08-22 02:41:30'),(5,9,'2:54.86','2024-08-22 02:41:30'),(12,2,'1:36.54','2024-08-22 02:41:30'),(12,2,'1:39.10','2024-08-22 02:41:30'),(12,2,'1:39.45','2024-08-22 02:41:30'),(12,2,'1:42.87','2024-08-22 02:41:30'),(7,2,'1:17.16','2024-08-22 02:41:30'),(7,2,'1:16.65','2024-08-22 02:41:30'),(7,2,'1:23.11','2024-08-22 02:41:30'),(7,2,'1:14.37','2024-08-22 02:41:30'),(7,2,'1:18.16','2024-08-22 02:41:30'),(7,2,'1:18.28','2024-08-22 02:41:30'),(7,2,'1:16.87','2024-08-22 02:41:30'),(7,2,'1:17.37','2024-08-22 02:41:30'),(7,2,'1:20.46','2024-08-22 02:41:30'),(13,2,'1:21.76','2024-08-22 02:41:30'),(13,2,'1:23.32','2024-08-22 02:41:30'),(13,2,'1:24.09','2024-08-22 02:41:30'),(13,2,'1:21.51','2024-08-22 02:41:30'),(12,1,'1:27.31','2024-08-22 02:41:30'),(12,1,'1:27.00','2024-08-22 02:41:30'),(12,1,'1:27.46','2024-08-22 02:41:30'),(12,1,'1:22.50','2024-08-22 02:41:30'),(12,1,'1:20.39','2024-08-22 02:41:30'),(12,1,'1:26.04','2024-08-22 02:41:30'),(12,1,'1:20.22','2024-08-22 02:41:30'),(3,10,'1:30.24','2024-08-22 02:41:30'),(3,10,'1:33.18','2024-08-22 02:41:30'),(3,10,'1:32.73','2024-08-22 02:41:30'),(3,10,'1:33.05','2024-08-22 02:41:30'),(3,10,'1:30.81','2024-08-22 02:41:30'),(3,10,'1:31.74','2024-08-22 02:41:30'),(3,10,'1:31.53','2024-08-22 02:41:30'),(3,10,'1:33.05','2024-08-22 02:41:30'),(7,1,'1:07.99','2024-08-22 02:41:30'),(7,1,'1:11.87','2024-08-22 02:41:30'),(7,1,'1:11.08','2024-08-22 02:41:30'),(7,1,'1:09.75','2024-08-22 02:41:30'),(14,7,'30.05','2024-08-22 02:41:30'),(14,7,'30.21','2024-08-22 02:41:30'),(14,7,'28.86','2024-08-22 02:41:30'),(14,7,'30.65','2024-08-22 02:41:30'),(14,7,'30.03','2024-08-22 02:41:30'),(14,7,'29.64','2024-08-22 02:41:30'),(14,7,'29.82','2024-08-22 02:41:30'),(15,10,'1:50.10','2024-08-22 02:41:30'),(15,10,'1:47.12','2024-08-22 02:41:30'),(15,10,'1:54.65','2024-08-22 02:41:30'),(15,10,'1:51.03','2024-08-22 02:41:30'),(16,10,'1:34.71','2024-08-22 02:41:30'),(16,10,'1:37.87','2024-08-22 02:41:30'),(16,10,'1:35.15','2024-08-22 02:41:30'),(16,10,'1:37.20','2024-08-22 02:41:30'),(16,10,'1:36.29','2024-08-22 02:41:30'),(16,10,'1:36.00','2024-08-22 02:41:30'),(16,10,'1:35.63','2024-08-22 02:41:30'),(16,10,'1:35.42','2024-08-22 02:41:30'),(16,10,'1:42.01','2024-08-22 02:41:30'),(7,11,'5:11.32','2024-08-22 02:41:30'),(7,11,'5:04.12','2024-08-22 02:41:30'),(7,11,'5:20.67','2024-08-22 02:41:30'),(7,11,'5:08.31','2024-08-22 02:41:30'),(7,11,'5:04.32','2024-08-22 02:41:30'),(7,11,'5:06.77','2024-08-22 02:41:30'),(7,11,'5:13.01','2024-08-22 02:41:30'),(17,1,'1:32.21','2024-08-22 02:41:30'),(17,1,'1:33.68','2024-08-22 02:41:30'),(17,1,'1:34.10','2024-08-22 02:41:30'),(17,1,'1:28.57','2024-08-22 02:41:30'),(18,12,'39.47','2024-08-22 02:41:30'),(18,12,'37.30','2024-08-22 02:41:30'),(18,12,'41.90','2024-08-22 02:41:30'),(18,12,'42.85','2024-08-22 02:41:30'),(18,12,'39.90','2024-08-22 02:41:30'),(18,12,'38.66','2024-08-22 02:41:30'),(18,12,'38.84','2024-08-22 02:41:30'),(18,12,'37.65','2024-08-22 02:41:30'),(18,12,'39.68','2024-08-22 02:41:30'),(18,12,'37.18','2024-08-22 02:41:30'),(18,12,'43.61','2024-08-22 02:41:30'),(3,3,'1:27.95','2024-08-22 02:41:30'),(3,3,'1:21.07','2024-08-22 02:41:30'),(3,3,'1:30.96','2024-08-22 02:41:30'),(3,3,'1:23.22','2024-08-22 02:41:30'),(3,3,'1:27.95','2024-08-22 02:41:30'),(3,3,'1:28.30','2024-08-22 02:41:30'),(5,5,'2:19.77','2024-08-22 02:41:30'),(5,5,'2:41.57','2024-08-22 02:41:30'),(5,5,'2:27.88','2024-08-22 02:41:30'),(5,5,'2:37.28','2024-08-22 02:41:30'),(17,10,'2:01.15','2024-08-22 02:41:30'),(17,10,'1:57.86','2024-08-22 02:41:30'),(17,10,'1:59.38','2024-08-22 02:41:30'),(17,10,'1:57.94','2024-08-22 02:41:30'),(17,10,'1:56.97','2024-08-22 02:41:30'),(8,10,'1:20.59','2024-08-22 02:41:30'),(8,10,'1:26.48','2024-08-22 02:41:30'),(8,10,'1:24.15','2024-08-22 02:41:30'),(8,10,'1:21.96','2024-08-22 02:41:30'),(19,1,'1:02.13','2024-08-22 02:41:30'),(19,1,'1:03.25','2024-08-22 02:41:30'),(19,1,'1:04.16','2024-08-22 02:41:30'),(19,1,'1:03.17','2024-08-22 02:41:30'),(19,1,'1:04.84','2024-08-22 02:41:30'),(19,1,'1:03.88','2024-08-22 02:41:30'),(19,1,'1:04.87','2024-08-22 02:41:30'),(6,10,'1:42.97','2024-08-22 02:41:30'),(6,10,'1:43.31','2024-08-22 02:41:30'),(6,10,'1:43.50','2024-08-22 02:41:30'),(6,10,'1:40.34','2024-08-22 02:41:30'),(13,10,'1:28.86','2024-08-22 02:41:30'),(13,10,'1:29.90','2024-08-22 02:41:30'),(13,10,'1:28.12','2024-08-22 02:41:30'),(13,10,'1:28.67','2024-08-22 02:41:30'),(19,2,'1:12.71','2024-08-22 02:41:30'),(19,2,'1:19.87','2024-08-22 02:41:30'),(19,2,'1:14.94','2024-08-22 02:41:30'),(19,2,'1:11.53','2024-08-22 02:41:30'),(19,2,'1:14.94','2024-08-22 02:41:30'),(20,6,'2:29.06','2024-08-22 02:41:30'),(20,6,'2:21.49','2024-08-22 02:41:30'),(20,6,'2:24.13','2024-08-22 02:41:30'),(20,6,'2:29.40','2024-08-22 02:41:30'),(3,9,'3:03.84','2024-08-22 02:41:30'),(3,9,'3:04.27','2024-08-22 02:41:30'),(3,9,'3:01.49','2024-08-22 02:41:30'),(3,9,'3:04.27','2024-08-22 02:41:30'),(3,9,'2:52.44','2024-08-22 02:41:30'),(21,1,'59.21','2024-08-22 02:41:30'),(21,1,'59.27','2024-08-22 02:41:30'),(21,1,'58.67','2024-08-22 02:41:30'),(21,1,'59.72','2024-08-22 02:41:30'),(21,1,'59.17','2024-08-22 02:41:30'),(16,1,'1:13.86','2024-08-22 02:41:30'),(16,1,'1:12.00','2024-08-22 02:41:30'),(16,1,'1:14.69','2024-08-22 02:41:30'),(16,1,'1:10.01','2024-08-22 02:41:30'),(16,1,'1:12.24','2024-08-22 02:41:30'),(16,1,'1:11.00','2024-08-22 02:41:30'),(16,1,'1:11.20','2024-08-22 02:41:30'),(16,1,'1:12.28','2024-08-22 02:41:30'),(16,1,'1:15.46','2024-08-22 02:41:30'),(16,1,'1:16.03','2024-08-22 02:41:30'),(22,1,'1:21.08','2024-08-22 02:41:30'),(22,1,'1:11.23','2024-08-22 02:41:30'),(22,1,'1:12.46','2024-08-22 02:41:30'),(22,1,'1:16.73','2024-08-22 02:41:30'),(15,12,'40.11','2024-08-22 02:41:30'),(15,12,'45.43','2024-08-22 02:41:30'),(15,12,'50.17','2024-08-22 02:41:30'),(15,12,'43.58','2024-08-22 02:41:30'),(15,12,'52.61','2024-08-22 02:41:30'),(15,8,'47.44','2024-08-22 02:41:30'),(15,8,'52.32','2024-08-22 02:41:30'),(15,8,'57.16','2024-08-22 02:41:30'),(15,8,'56.77','2024-08-22 02:41:30'),(15,4,'43.25','2024-08-22 02:41:30'),(15,4,'47.35','2024-08-22 02:41:30'),(15,4,'46.12','2024-08-22 02:41:30'),(15,4,'45.69','2024-08-22 02:41:30'),(22,2,'1:27.10','2024-08-22 02:41:30'),(22,2,'1:26.21','2024-08-22 02:41:30'),(22,2,'1:26.42','2024-08-22 02:41:30'),(22,2,'1:35.79','2024-08-22 02:41:30'),(22,2,'1:30.47','2024-08-22 02:41:30'),(8,13,'2:54.14','2024-08-22 02:41:30'),(8,13,'3:03.58','2024-08-22 02:41:30'),(8,13,'3:02.43','2024-08-22 02:41:30'),(8,13,'2:57.99','2024-08-22 02:41:30'),(15,7,'38.94','2024-08-22 02:41:30'),(15,7,'37.76','2024-08-22 02:41:30'),(15,7,'41.83','2024-08-22 02:41:30'),(15,7,'42.81','2024-08-22 02:41:30'),(21,6,'2:35.46','2024-08-22 02:41:30'),(21,6,'2:28.30','2024-08-22 02:41:30'),(21,6,'2:35.35','2024-08-22 02:41:30'),(21,6,'2:28.84','2024-08-22 02:41:30'),(9,13,'3:27.51','2024-08-22 02:41:30'),(9,13,'3:34.70','2024-08-22 02:41:30'),(9,13,'3:27.15','2024-08-22 02:41:30'),(9,13,'3:28.45','2024-08-22 02:41:30'),(9,13,'3:34.79','2024-08-22 02:41:30'),(9,13,'3:30.21','2024-08-22 02:41:30'),(9,13,'3:33.74','2024-08-22 02:41:30'),(18,4,'38.79','2024-08-22 02:41:30'),(18,4,'39.03','2024-08-22 02:41:30'),(18,4,'41.29','2024-08-22 02:41:30'),(18,4,'39.66','2024-08-22 02:41:30'),(18,4,'41.13','2024-08-22 02:41:30'),(18,4,'38.57','2024-08-22 02:41:30'),(18,4,'39.40','2024-08-22 02:41:30'),(18,4,'41.06','2024-08-22 02:41:30'),(18,4,'40.37','2024-08-22 02:41:30'),(18,4,'43.05','2024-08-22 02:41:30'),(18,4,'37.85','2024-08-22 02:41:30'),(18,7,'35.78','2024-08-22 02:41:30'),(18,7,'36.19','2024-08-22 02:41:30'),(18,7,'36.89','2024-08-22 02:41:30'),(18,7,'34.29','2024-08-22 02:41:30'),(18,7,'34.18','2024-08-22 02:41:30'),(18,7,'35.94','2024-08-22 02:41:30'),(23,2,'1:29.78','2024-08-22 02:41:30'),(23,2,'1:28.38','2024-08-22 02:41:30'),(23,2,'1:25.03','2024-08-22 02:41:30'),(23,2,'1:25.66','2024-08-22 02:41:30'),(20,2,'1:11.34','2024-08-22 02:41:30'),(20,2,'1:05.81','2024-08-22 02:41:30'),(20,2,'1:05.75','2024-08-22 02:41:30'),(20,2,'1:05.82','2024-08-22 02:41:30'),(15,1,'1:20.81','2024-08-22 02:41:30'),(15,1,'1:23.61','2024-08-22 02:41:30'),(15,1,'1:24.80','2024-08-22 02:41:30'),(15,1,'1:22.05','2024-08-22 02:41:30'),(15,1,'1:22.58','2024-08-22 02:41:30'),(15,1,'1:23.94','2024-08-22 02:41:30'),(19,3,'1:11.49','2024-08-22 02:41:30'),(19,3,'1:10.16','2024-08-22 02:41:30'),(19,3,'1:12.59','2024-08-22 02:41:30'),(19,3,'1:11.63','2024-08-22 02:41:30'),(19,3,'1:09.43','2024-08-22 02:41:30'),(9,10,'1:36.72','2024-08-22 02:41:30'),(9,10,'1:34.78','2024-08-22 02:41:30'),(9,10,'1:34.05','2024-08-22 02:41:30'),(9,10,'1:32.78','2024-08-22 02:41:30'),(9,10,'1:33.51','2024-08-22 02:41:30'),(9,10,'1:33.29','2024-08-22 02:41:30'),(9,10,'1:36.47','2024-08-22 02:41:30'),(9,10,'1:31.82','2024-08-22 02:41:30'),(15,2,'1:33.36','2024-08-22 02:41:30'),(15,2,'1:31.52','2024-08-22 02:41:30'),(15,2,'1:28.10','2024-08-22 02:41:30'),(15,2,'1:33.37','2024-08-22 02:41:30'),(15,2,'1:32.89','2024-08-22 02:41:30'),(15,2,'1:33.38','2024-08-22 02:41:30'),(15,2,'1:32.03','2024-08-22 02:41:30'),(15,2,'1:32.71','2024-08-22 02:41:30'),(3,2,'1:22.57','2024-08-22 22:31:33'),(3,2,'1:29.64','2024-08-22 22:31:33'),(3,2,'1:23.83','2024-08-22 22:31:33'),(3,2,'1:20.39','2024-08-22 22:31:33'),(4,1,'1:14.40','2024-08-22 22:31:33'),(4,1,'1:15.57','2024-08-22 22:31:33'),(4,1,'1:19.82','2024-08-22 22:31:33'),(4,1,'1:12.90','2024-08-22 22:31:33'),(10,7,'41.62','2024-08-22 22:31:33'),(10,7,'40.49','2024-08-22 22:31:33'),(10,7,'41.00','2024-08-22 22:31:33'),(10,7,'45.75','2024-08-22 22:31:33'),(6,2,'1:26.55','2024-08-22 22:31:33'),(6,2,'1:39.79','2024-08-22 22:31:33'),(6,2,'1:28.75','2024-08-22 22:31:33'),(6,2,'1:32.37','2024-08-22 22:31:33'),(6,2,'1:31.59','2024-08-22 22:31:33'),(24,4,'40.89','2024-08-22 22:31:33'),(24,4,'41.50','2024-08-22 22:31:33'),(24,4,'42.35','2024-08-22 22:31:33'),(24,4,'40.53','2024-08-22 22:31:33'),(24,4,'40.89','2024-08-22 22:31:33'),(24,4,'42.14','2024-08-22 22:31:33'),(24,4,'43.58','2024-08-22 22:31:33'),(24,4,'39.85','2024-08-22 22:31:33'),(24,4,'43.35','2024-08-22 22:31:33'),(24,4,'39.18','2024-08-22 22:31:33'),(3,10,'1:30.24','2024-08-22 22:31:33'),(3,10,'1:33.05','2024-08-22 22:31:33'),(3,10,'1:33.05','2024-08-22 22:31:33'),(3,10,'1:32.73','2024-08-22 22:31:33'),(3,10,'1:30.81','2024-08-22 22:31:33'),(3,10,'1:33.18','2024-08-22 22:31:33'),(3,10,'1:31.74','2024-08-22 22:31:33'),(3,10,'1:31.53','2024-08-22 22:31:33'),(24,7,'39.42','2024-08-22 22:31:33'),(24,7,'36.13','2024-08-22 22:31:33'),(24,7,'37.66','2024-08-22 22:31:33'),(24,7,'39.07','2024-08-22 22:31:33'),(15,10,'1:54.65','2024-08-22 22:31:33'),(15,10,'1:51.03','2024-08-22 22:31:33'),(15,10,'1:47.12','2024-08-22 22:31:33'),(15,10,'1:50.10','2024-08-22 22:31:33'),(3,3,'1:23.22','2024-08-22 22:31:33'),(3,3,'1:21.07','2024-08-22 22:31:33'),(3,3,'1:27.95','2024-08-22 22:31:33'),(3,3,'1:27.95','2024-08-22 22:31:33'),(3,3,'1:28.30','2024-08-22 22:31:33'),(3,3,'1:30.96','2024-08-22 22:31:33'),(19,1,'1:02.13','2024-08-22 22:31:33'),(19,1,'1:03.17','2024-08-22 22:31:33'),(19,1,'1:04.84','2024-08-22 22:31:33'),(19,1,'1:03.88','2024-08-22 22:31:33'),(19,1,'1:04.87','2024-08-22 22:31:33'),(19,1,'1:04.16','2024-08-22 22:31:33'),(19,1,'1:03.25','2024-08-22 22:31:33'),(6,10,'1:42.97','2024-08-22 22:31:33'),(6,10,'1:43.31','2024-08-22 22:31:33'),(6,10,'1:40.34','2024-08-22 22:31:33'),(6,10,'1:43.50','2024-08-22 22:31:33'),(19,2,'1:19.87','2024-08-22 22:31:33'),(19,2,'1:11.53','2024-08-22 22:31:33'),(19,2,'1:14.94','2024-08-22 22:31:33'),(19,2,'1:12.71','2024-08-22 22:31:33'),(19,2,'1:14.94','2024-08-22 22:31:33'),(15,14,'1:35.96','2024-08-22 22:31:33'),(15,14,'1:31.58','2024-08-22 22:31:33'),(15,14,'1:32.96','2024-08-22 22:31:33'),(15,14,'1:35.82','2024-08-22 22:31:33'),(3,9,'2:52.44','2024-08-22 22:31:33'),(3,9,'3:01.49','2024-08-22 22:31:33'),(3,9,'3:04.27','2024-08-22 22:31:33'),(3,9,'3:04.27','2024-08-22 22:31:33'),(3,9,'3:03.84','2024-08-22 22:31:33'),(21,1,'58.67','2024-08-22 22:31:33'),(21,1,'59.72','2024-08-22 22:31:33'),(21,1,'59.21','2024-08-22 22:31:33'),(21,1,'59.27','2024-08-22 22:31:33'),(21,1,'59.17','2024-08-22 22:31:33'),(15,12,'52.61','2024-08-22 22:31:33'),(15,12,'40.11','2024-08-22 22:31:33'),(15,12,'43.58','2024-08-22 22:31:33'),(15,12,'50.17','2024-08-22 22:31:33'),(15,12,'45.43','2024-08-22 22:31:33'),(15,8,'56.77','2024-08-22 22:31:33'),(15,8,'57.16','2024-08-22 22:31:33'),(15,8,'47.44','2024-08-22 22:31:33'),(15,8,'52.32','2024-08-22 22:31:33'),(15,4,'46.12','2024-08-22 22:31:33'),(15,4,'47.35','2024-08-22 22:31:33'),(15,4,'43.25','2024-08-22 22:31:33'),(15,4,'45.69','2024-08-22 22:31:33'),(15,7,'37.76','2024-08-22 22:31:33'),(15,7,'38.94','2024-08-22 22:31:33'),(15,7,'41.83','2024-08-22 22:31:33'),(15,7,'42.81','2024-08-22 22:31:33'),(21,6,'2:35.46','2024-08-22 22:31:33'),(21,6,'2:28.30','2024-08-22 22:31:33'),(21,6,'2:28.84','2024-08-22 22:31:33'),(21,6,'2:35.35','2024-08-22 22:31:33'),(24,8,'47.76','2024-08-22 22:31:33'),(24,8,'46.19','2024-08-22 22:31:33'),(24,8,'49.28','2024-08-22 22:31:33'),(24,8,'45.71','2024-08-22 22:31:33'),(24,8,'48.08','2024-08-22 22:31:33'),(24,8,'53.17','2024-08-22 22:31:33'),(24,8,'48.83','2024-08-22 22:31:33'),(24,8,'52.85','2024-08-22 22:31:33'),(24,8,'47.76','2024-08-22 22:31:33'),(24,8,'45.76','2024-08-22 22:31:33'),(15,1,'1:24.80','2024-08-22 22:31:33'),(15,1,'1:20.81','2024-08-22 22:31:33'),(15,1,'1:23.61','2024-08-22 22:31:33'),(15,1,'1:23.94','2024-08-22 22:31:33'),(15,1,'1:22.05','2024-08-22 22:31:33'),(15,1,'1:22.58','2024-08-22 22:31:33'),(19,3,'1:12.59','2024-08-22 22:31:33'),(19,3,'1:11.63','2024-08-22 22:31:33'),(19,3,'1:09.43','2024-08-22 22:31:33'),(19,3,'1:10.16','2024-08-22 22:31:33'),(19,3,'1:11.49','2024-08-22 22:31:33'),(15,2,'1:32.71','2024-08-22 22:31:33'),(15,2,'1:28.10','2024-08-22 22:31:33'),(15,2,'1:33.36','2024-08-22 22:31:33'),(15,2,'1:32.89','2024-08-22 22:31:33'),(15,2,'1:33.37','2024-08-22 22:31:33'),(15,2,'1:31.52','2024-08-22 22:31:33'),(15,2,'1:33.38','2024-08-22 22:31:33'),(15,2,'1:32.03','2024-08-22 22:31:33');
/*!40000 ALTER TABLE `times` ENABLE KEYS */;
UNLOCK TABLES;
/*!40103 SET TIME_ZONE=@OLD_TIME_ZONE */;

/*!40101 SET SQL_MODE=@OLD_SQL_MODE */;
/*!40014 SET FOREIGN_KEY_CHECKS=@OLD_FOREIGN_KEY_CHECKS */;
/*!40014 SET UNIQUE_CHECKS=@OLD_UNIQUE_CHECKS */;
/*!40101 SET CHARACTER_SET_CLIENT=@OLD_CHARACTER_SET_CLIENT */;
/*!40101 SET CHARACTER_SET_RESULTS=@OLD_CHARACTER_SET_RESULTS */;
/*!40101 SET COLLATION_CONNECTION=@OLD_COLLATION_CONNECTION */;
/*!40111 SET SQL_NOTES=@OLD_SQL_NOTES */;

-- Dump completed on 2024-08-24 15:12:22
